"location","year","max_total_deaths","max_total_cases","mortality_rate_percentage"
"Afghanistan","2020","2158","51848","4.16"
"Afghanistan","2021","7352","157902","4.66"
"Afghanistan","2022","7845","207322","3.78"
"Afghanistan","2023","7973","230375","3.46"
"Afghanistan","2024","7998","235214","3.40"
"Africa","2020","62634","2662452","2.35"
"Africa","2021","227755","9634415","2.36"
"Africa","2022","258487","12994425","1.99"
"Africa","2023","259066","13133432","1.97"
"Africa","2024","259117","13145380","1.97"
"Albania","2020","1134","55380","2.05"
"Albania","2021","3187","207221","1.54"
"Albania","2022","3596","332670","1.08"
"Albania","2023","3604","334596","1.08"
"Albania","2024","3605","335047","1.08"
"Algeria","2020","2722","97857","2.78"
"Algeria","2021","6229","216376","2.88"
"Algeria","2022","6881","271194","2.54"
"Algeria","2023","6881","272010","2.53"
"Algeria","2024","6881","272139","2.53"
"American Samoa","2020","0","0","0"
"American Samoa","2021","0","11","0.00"
"American Samoa","2022","34","8266","0.41"
"American Samoa","2023","34","8359","0.41"
"American Samoa","2024","34","8359","0.41"
"Andorra","2020","83","7806","1.06"
"Andorra","2021","139","21730","0.64"
"Andorra","2022","158","47686","0.33"
"Andorra","2023","159","48015","0.33"
"Andorra","2024","159","48015","0.33"
"Angola","2020","400","17149","2.33"
"Angola","2021","1746","71142","2.45"
"Angola","2022","1929","105070","1.84"
"Angola","2023","1937","106928","1.81"
"Angola","2024","1937","107481","1.80"
"Anguilla","2020","0","12","0.00"
"Anguilla","2021","5","1646","0.30"
"Anguilla","2022","12","3904","0.31"
"Anguilla","2023","12","3904","0.31"
"Anguilla","2024","12","3904","0.31"
"Antigua and Barbuda","2020","5","155","3.23"
"Antigua and Barbuda","2021","118","4229","2.79"
"Antigua and Barbuda","2022","146","9106","1.60"
"Antigua and Barbuda","2023","146","9106","1.60"
"Antigua and Barbuda","2024","146","9106","1.60"
"Argentina","2020","47507","1629908","2.91"
"Argentina","2021","117830","5559916","2.12"
"Argentina","2022","130124","9891139","1.32"
"Argentina","2023","130472","10044957","1.30"
"Argentina","2024","130663","10101218","1.29"
"Armenia","2020","2768","157834","1.75"
"Armenia","2021","7943","344481","2.31"
"Armenia","2022","8708","445583","1.95"
"Armenia","2023","8775","451426","1.94"
"Armenia","2024","8777","452273","1.94"
"Aruba","2020","47","5228","0.90"
"Aruba","2021","181","17165","1.05"
"Aruba","2022","280","43752","0.64"
"Aruba","2023","292","44224","0.66"
"Aruba","2024","292","44224","0.66"
"Asia","2020","330452","20190911","1.64"
"Asia","2021","1251074","84190614","1.49"
"Asia","2022","1518727","250812759","0.61"
"Asia","2023","1635931","301161412","0.54"
"Asia","2024","1637249","301499099","0.54"
"Australia","2020","920","28296","3.25"
"Australia","2021","2377","366607","0.65"
"Australia","2022","17816","10694041","0.17"
"Australia","2023","24344","11721535","0.21"
"Australia","2024","25236","11861161","0.21"
"Austria","2020","7049","344732","2.04"
"Austria","2021","16587","1252088","1.32"
"Austria","2022","21571","5678345","0.38"
"Austria","2023","22534","6082170","0.37"
"Austria","2024","22534","6082444","0.37"
"Azerbaijan","2020","2416","211764","1.14"
"Azerbaijan","2021","8284","614119","1.35"
"Azerbaijan","2022","10006","825893","1.21"
"Azerbaijan","2023","10353","834254","1.24"
"Azerbaijan","2024","10353","835757","1.24"
"Bahamas","2020","169","7788","2.17"
"Bahamas","2021","713","23630","3.02"
"Bahamas","2022","833","37491","2.22"
"Bahamas","2023","846","38147","2.22"
"Bahamas","2024","849","39127","2.17"
"Bahrain","2020","351","91518","0.38"
"Bahrain","2021","1394","279518","0.50"
"Bahrain","2022","1536","696614","0.22"
"Bahrain","2023","1536","696614","0.22"
"Bahrain","2024","1536","696614","0.22"
"Bangladesh","2020","7452","509148","1.46"
"Bangladesh","2021","28060","1583253","1.77"
"Bangladesh","2022","29439","2037024","1.45"
"Bangladesh","2023","29477","2046292","1.44"
"Bangladesh","2024","29499","2051348","1.44"
"Barbados","2020","7","347","2.02"
"Barbados","2021","260","27629","0.94"
"Barbados","2022","568","105515","0.54"
"Barbados","2023","593","107794","0.55"
"Barbados","2024","593","108582","0.55"
"Belarus","2020","1376","184922","0.74"
"Belarus","2021","5484","692601","0.79"
"Belarus","2022","7118","994037","0.72"
"Belarus","2023","7118","994037","0.72"
"Belarus","2024","7118","994037","0.72"
"Belgium","2020","19374","638760","3.03"
"Belgium","2021","28192","2048110","1.38"
"Belgium","2022","33240","4679472","0.71"
"Belgium","2023","34339","4848745","0.71"
"Belgium","2024","34339","4872829","0.70"
"Belize","2020","228","10490","2.17"
"Belize","2021","592","31503","1.88"
"Belize","2022","688","69675","0.99"
"Belize","2023","688","71383","0.96"
"Belize","2024","688","71414","0.96"
"Benin","2020","44","3205","1.37"
"Benin","2021","161","24935","0.65"
"Benin","2022","163","27985","0.58"
"Benin","2023","163","28036","0.58"
"Benin","2024","163","28036","0.58"
"Bermuda","2020","9","561","1.60"
"Bermuda","2021","106","6064","1.75"
"Bermuda","2022","152","18557","0.82"
"Bermuda","2023","165","18860","0.87"
"Bermuda","2024","165","18860","0.87"
"Bhutan","2020","0","597","0.00"
"Bhutan","2021","3","2660","0.11"
"Bhutan","2022","21","62531","0.03"
"Bhutan","2023","21","62697","0.03"
"Bhutan","2024","21","62697","0.03"
"Bolivia","2020","9083","153590","5.91"
"Bolivia","2021","19530","575247","3.40"
"Bolivia","2022","22280","1146741","1.94"
"Bolivia","2023","22385","1212096","1.85"
"Bolivia","2024","22387","1212147","1.85"
"Bonaire Sint Eustatius and Saba","2020","3","182","1.65"
"Bonaire Sint Eustatius and Saba","2021","22","3239","0.68"
"Bonaire Sint Eustatius and Saba","2022","39","11716","0.33"
"Bonaire Sint Eustatius and Saba","2023","41","11922","0.34"
"Bonaire Sint Eustatius and Saba","2024","41","11922","0.34"
"Bosnia and Herzegovina","2020","3923","109330","3.59"
"Bosnia and Herzegovina","2021","13283","287716","4.62"
"Bosnia and Herzegovina","2022","16222","400960","4.05"
"Bosnia and Herzegovina","2023","16380","403508","4.06"
"Bosnia and Herzegovina","2024","16392","403666","4.06"
"Botswana","2020","39","13890","0.28"
"Botswana","2021","2439","212482","1.15"
"Botswana","2022","2786","328031","0.85"
"Botswana","2023","2800","330417","0.85"
"Botswana","2024","2801","330696","0.85"
"Brazil","2020","190488","7448560","2.56"
"Brazil","2021","618392","22230737","2.78"
"Brazil","2022","692743","36124337","1.92"
"Brazil","2023","702116","37511921","1.87"
"Brazil","2024","702116","37511921","1.87"
"British Virgin Islands","2020","1","93","1.08"
"British Virgin Islands","2021","39","3071","1.27"
"British Virgin Islands","2022","64","7305","0.88"
"British Virgin Islands","2023","64","7420","0.86"
"British Virgin Islands","2024","64","7557","0.85"
"Brunei","2020","3","152","1.97"
"Brunei","2021","61","15447","0.39"
"Brunei","2022","148","268615","0.06"
"Brunei","2023","171","330776","0.05"
"Brunei","2024","179","347723","0.05"
"Bulgaria","2020","7123","197384","3.61"
"Bulgaria","2021","30528","733882","4.16"
"Bulgaria","2022","38036","1280617","2.97"
"Bulgaria","2023","38630","1323578","2.92"
"Bulgaria","2024","38700","1329988","2.91"
"Burkina Faso","2020","78","6344","1.23"
"Burkina Faso","2021","317","17040","1.86"
"Burkina Faso","2022","395","22006","1.79"
"Burkina Faso","2023","400","22109","1.81"
"Burkina Faso","2024","400","22139","1.81"
"Burundi","2020","2","809","0.25"
"Burundi","2021","14","26999","0.05"
"Burundi","2022","15","52051","0.03"
"Burundi","2023","15","54461","0.03"
"Burundi","2024","15","54569","0.03"
"Cambodia","2020","0","364","0.00"
"Cambodia","2021","3008","120449","2.50"
"Cambodia","2022","3056","138495","2.21"
"Cambodia","2023","3056","139014","2.20"
"Cambodia","2024","3056","139319","2.19"
"Cameroon","2020","448","26277","1.70"
"Cameroon","2021","1851","108676","1.70"
"Cameroon","2022","1965","123993","1.58"
"Cameroon","2023","1974","125137","1.58"
"Cameroon","2024","1974","125246","1.58"
"Canada","2020","14734","539241","2.73"
"Canada","2021","29851","1961723","1.52"
"Canada","2022","48421","4476385","1.08"
"Canada","2023","54441","4774236","1.14"
"Canada","2024","55282","4819055","1.15"
"Cape Verde","2020","112","11698","0.96"
"Cape Verde","2021","352","39013","0.90"
"Cape Verde","2022","412","63190","0.65"
"Cape Verde","2023","417","64474","0.65"
"Cape Verde","2024","417","64474","0.65"
"Cayman Islands","2020","2","318","0.63"
"Cayman Islands","2021","11","8386","0.13"
"Cayman Islands","2022","37","31472","0.12"
"Cayman Islands","2023","37","31472","0.12"
"Cayman Islands","2024","37","31472","0.12"
"Central African Republic","2020","63","5814","1.08"
"Central African Republic","2021","101","12268","0.82"
"Central African Republic","2022","113","15360","0.74"
"Central African Republic","2023","113","15440","0.73"
"Central African Republic","2024","113","15441","0.73"
"Chad","2020","104","1986","5.24"
"Chad","2021","181","5701","3.17"
"Chad","2022","194","7649","2.54"
"Chad","2023","194","7698","2.52"
"Chad","2024","194","7702","2.52"
"Chile","2020","16404","598394","2.74"
"Chile","2021","39013","1799125","2.17"
"Chile","2022","63012","5006159","1.26"
"Chile","2023","64482","5332977","1.21"
"Chile","2024","62730","5401126","1.16"
"China","2020","4777","96324","4.96"
"China","2021","5699","130858","4.36"
"China","2022","38995","62445650","0.06"
"China","2023","121893","99322727","0.12"
"China","2024","122304","99373219","0.12"
"Colombia","2020","41690","1574707","2.65"
"Colombia","2021","129686","5118254","2.53"
"Colombia","2022","142076","6338339","2.24"
"Colombia","2023","142727","6365994","2.24"
"Colombia","2024","142727","6391876","2.23"
"Comoros","2020","7","661","1.06"
"Comoros","2021","153","5603","2.73"
"Comoros","2022","160","8982","1.78"
"Comoros","2023","160","9109","1.76"
"Comoros","2024","160","9109","1.76"
"Congo","2020","100","6389","1.57"
"Congo","2021","367","20089","1.83"
"Congo","2022","386","25063","1.54"
"Congo","2023","389","25213","1.54"
"Congo","2024","389","25227","1.54"
"Cook Islands","2020","0","0","0"
"Cook Islands","2021","0","0","0"
"Cook Islands","2022","1","6625","0.02"
"Cook Islands","2023","2","7203","0.03"
"Cook Islands","2024","2","7345","0.03"
"Costa Rica","2020","2103","164062","1.28"
"Costa Rica","2021","7349","569523","1.29"
"Costa Rica","2022","9072","1161687","0.78"
"Costa Rica","2023","9366","1230552","0.76"
"Costa Rica","2024","9372","1234701","0.76"
"Cote d'Ivoire","2020","134","22081","0.61"
"Cote d'Ivoire","2021","707","63847","1.11"
"Cote d'Ivoire","2022","830","87933","0.94"
"Cote d'Ivoire","2023","835","88384","0.94"
"Cote d'Ivoire","2024","835","88434","0.94"
"Croatia","2020","3613","204312","1.77"
"Croatia","2021","12279","693102","1.77"
"Croatia","2022","17515","1261766","1.39"
"Croatia","2023","18687","1309728","1.43"
"Croatia","2024","18752","1317144","1.42"
"Cuba","2020","141","11038","1.28"
"Cuba","2021","8320","964607","0.86"
"Cuba","2022","8530","1111827","0.77"
"Cuba","2023","8530","1113594","0.77"
"Cuba","2024","8530","1113662","0.77"
"Curacao","2020","12","4051","0.30"
"Curacao","2021","186","18299","1.02"
"Curacao","2022","299","45707","0.65"
"Curacao","2023","305","45883","0.66"
"Curacao","2024","305","45883","0.66"
"Cyprus","2020","114","19392","0.59"
"Cyprus","2021","637","149848","0.43"
"Cyprus","2022","1255","628509","0.20"
"Cyprus","2023","1394","675109","0.21"
"Cyprus","2024","1451","696410","0.21"
"Czechia","2020","11367","675062","1.68"
"Czechia","2021","35988","2486451","1.45"
"Czechia","2022","42099","4577526","0.92"
"Czechia","2023","43354","4746623","0.91"
"Czechia","2024","43509","4761919","0.91"
"Democratic Republic of Congo","2020","579","16837","3.44"
"Democratic Republic of Congo","2021","1205","75044","1.61"
"Democratic Republic of Congo","2022","1462","95070","1.54"
"Democratic Republic of Congo","2023","1468","99338","1.48"
"Democratic Republic of Congo","2024","1474","101009","1.46"
"Denmark","2020","1159","151167","0.77"
"Denmark","2021","3197","697563","0.46"
"Denmark","2022","7712","3381851","0.23"
"Denmark","2023","9493","3432346","0.28"
"Denmark","2024","9693","3435679","0.28"
"Djibouti","2020","61","5805","1.05"
"Djibouti","2021","189","13568","1.39"
"Djibouti","2022","189","15690","1.20"
"Djibouti","2023","189","15690","1.20"
"Djibouti","2024","189","15690","1.20"
"Dominica","2020","0","96","0.00"
"Dominica","2021","45","6559","0.69"
"Dominica","2022","74","15760","0.47"
"Dominica","2023","74","16047","0.46"
"Dominica","2024","74","16047","0.46"
"Dominican Republic","2020","2404","165940","1.45"
"Dominican Republic","2021","4237","413887","1.02"
"Dominican Republic","2022","4384","658587","0.67"
"Dominican Republic","2023","4384","661103","0.66"
"Dominican Republic","2024","4384","661103","0.66"
"East Timor","2020","0","41","0.00"
"East Timor","2021","0","80","0.00"
"East Timor","2022","0","0","0"
"East Timor","2023","138","23460","0.59"
"East Timor","2024","138","23460","0.59"
"Ecuador","2020","13990","209274","6.69"
"Ecuador","2021","33647","541368","6.22"
"Ecuador","2022","35934","1040463","3.45"
"Ecuador","2023","36024","1068399","3.37"
"Ecuador","2024","36050","1077445","3.35"
"Egypt","2020","7352","131315","5.60"
"Egypt","2021","21571","380520","5.67"
"Egypt","2022","24802","515514","4.81"
"Egypt","2023","24830","516023","4.81"
"Egypt","2024","24830","516023","4.81"
"El Salvador","2020","1297","44619","2.91"
"El Salvador","2021","3818","121741","3.14"
"El Salvador","2022","4230","201785","2.10"
"El Salvador","2023","4230","201836","2.10"
"El Salvador","2024","4230","201920","2.09"
"England","2020","0","0","0"
"England","2021","0","0","0"
"England","2022","0","0","0"
"England","2023","0","0","0"
"Equatorial Guinea","2020","86","5236","1.64"
"Equatorial Guinea","2021","175","13630","1.28"
"Equatorial Guinea","2022","183","17089","1.07"
"Equatorial Guinea","2023","183","17130","1.07"
"Equatorial Guinea","2024","183","17130","1.07"
"Eritrea","2020","1","997","0.10"
"Eritrea","2021","72","7873","0.91"
"Eritrea","2022","103","10189","1.01"
"Eritrea","2023","103","10189","1.01"
"Eritrea","2024","103","10189","1.01"
"Estonia","2020","284","31031","0.92"
"Estonia","2021","1828","226809","0.81"
"Estonia","2022","2727","594217","0.46"
"Estonia","2023","2972","608581","0.49"
"Estonia","2024","2998","610471","0.49"
"Eswatini","2020","163","8365","1.95"
"Eswatini","2021","1272","64381","1.98"
"Eswatini","2022","1422","74021","1.92"
"Eswatini","2023","1427","75191","1.90"
"Eswatini","2024","1427","75356","1.89"
"Ethiopia","2020","1901","122413","1.55"
"Ethiopia","2021","6894","395750","1.74"
"Ethiopia","2022","7572","497096","1.52"
"Ethiopia","2023","7574","501117","1.51"
"Ethiopia","2024","7574","501193","1.51"
"Europe","2020","565633","22615686","2.50"
"Europe","2021","1554407","84508328","1.84"
"Europe","2022","2008370","242057677","0.83"
"Europe","2023","2094448","251799045","0.83"
"Europe","2024","2102483","252916868","0.83"
"European Union (27)","2020","380081","14744953","2.58"
"European Union (27)","2021","909348","52796952","1.72"
"European Union (27)","2022","1199662","178836027","0.67"
"European Union (27)","2023","1256882","185370008","0.68"
"European Union (27)","2024","1262988","185822587","0.68"
"Falkland Islands","2020","0","29","0.00"
"Falkland Islands","2021","0","81","0.00"
"Falkland Islands","2022","0","1923","0.00"
"Falkland Islands","2023","0","1923","0.00"
"Falkland Islands","2024","0","1923","0.00"
"Faroe Islands","2020","0","574","0.00"
"Faroe Islands","2021","13","5150","0.25"
"Faroe Islands","2022","28","34658","0.08"
"Faroe Islands","2023","28","34658","0.08"
"Faroe Islands","2024","28","34658","0.08"
"Fiji","2020","2","46","4.35"
"Fiji","2021","697","52944","1.32"
"Fiji","2022","881","68702","1.28"
"Fiji","2023","885","69047","1.28"
"Fiji","2024","885","69047","1.28"
"Finland","2020","618","38052","1.62"
"Finland","2021","1836","322835","0.57"
"Finland","2022","8698","1456149","0.60"
"Finland","2023","11408","1499712","0.76"
"Finland","2024","11466","1499712","0.76"
"France","2020","63534","2338258","2.72"
"France","2021","124165","8709926","1.43"
"France","2022","161667","37989547","0.43"
"France","2023","168047","38997490","0.43"
"France","2024","168091","38997490","0.43"
"French Guiana","2020","71","12773","0.56"
"French Guiana","2021","337","47229","0.71"
"French Guiana","2022","413","97776","0.42"
"French Guiana","2023","413","98041","0.42"
"French Guiana","2024","413","98041","0.42"
"French Polynesia","2020","108","16550","0.65"
"French Polynesia","2021","636","46382","1.37"
"French Polynesia","2022","649","77910","0.83"
"French Polynesia","2023","649","79227","0.82"
"French Polynesia","2024","650","79387","0.82"
"Gabon","2020","64","9497","0.67"
"Gabon","2021","287","38870","0.74"
"Gabon","2022","306","48979","0.62"
"Gabon","2023","307","49051","0.63"
"Gabon","2024","307","49051","0.63"
"Gambia","2020","123","3792","3.24"
"Gambia","2021","342","10136","3.37"
"Gambia","2022","372","12586","2.96"
"Gambia","2023","372","12626","2.95"
"Gambia","2024","372","12627","2.95"
"Georgia","2020","2377","221605","1.07"
"Georgia","2021","13512","924368","1.46"
"Georgia","2022","16898","1809179","0.93"
"Georgia","2023","17141","1856982","0.92"
"Georgia","2024","17150","1863615","0.92"
"Germany","2020","47009","1660178","2.83"
"Germany","2021","117692","7014043","1.68"
"Germany","2022","165738","37241936","0.45"
"Germany","2023","174979","38437756","0.46"
"Germany","2024","174979","38437756","0.46"
"Ghana","2020","335","54681","0.61"
"Ghana","2021","1287","141295","0.91"
"Ghana","2022","1461","171038","0.85"
"Ghana","2023","1462","171834","0.85"
"Ghana","2024","1462","172062","0.85"
"Gibraltar","2020","6","1526","0.39"
"Gibraltar","2021","100","8142","1.23"
"Gibraltar","2022","110","20275","0.54"
"Gibraltar","2023","113","20550","0.55"
"Gibraltar","2024","113","20550","0.55"
"Greece","2020","4682","139692","3.35"
"Greece","2021","20505","1085087","1.89"
"Greece","2022","34976","5023163","0.70"
"Greece","2023","38421","5570361","0.69"
"Greece","2024","39258","5673681","0.69"
"Greenland","2020","0","26","0.00"
"Greenland","2021","1","2141","0.05"
"Greenland","2022","21","11971","0.18"
"Greenland","2023","21","11971","0.18"
"Greenland","2024","21","11971","0.18"
"Grenada","2020","0","116","0.00"
"Grenada","2021","200","5956","3.36"
"Grenada","2022","238","19660","1.21"
"Grenada","2023","238","19693","1.21"
"Grenada","2024","238","19693","1.21"
"Guadeloupe","2020","155","8620","1.80"
"Guadeloupe","2021","831","55795","1.49"
"Guadeloupe","2022","999","199988","0.50"
"Guadeloupe","2023","1021","203235","0.50"
"Guadeloupe","2024","1021","203235","0.50"
"Guam","2020","121","7094","1.71"
"Guam","2021","270","15260","1.77"
"Guam","2022","411","49938","0.82"
"Guam","2023","419","52287","0.80"
"Guam","2024","419","52287","0.80"
"Guatemala","2020","4763","135171","3.52"
"Guatemala","2021","16095","625029","2.58"
"Guatemala","2022","19990","1195644","1.67"
"Guatemala","2023","20201","1250307","1.62"
"Guatemala","2024","20203","1250371","1.62"
"Guernsey","2020","16","297","5.39"
"Guernsey","2021","23","6646","0.35"
"Guernsey","2022","60","33794","0.18"
"Guernsey","2023","67","35326","0.19"
"Guernsey","2024","67","35326","0.19"
"Guinea","2020","80","13674","0.59"
"Guinea","2021","389","31130","1.25"
"Guinea","2022","466","38211","1.22"
"Guinea","2023","468","38572","1.21"
"Guinea","2024","468","38572","1.21"
"Guinea-Bissau","2020","45","2447","1.84"
"Guinea-Bissau","2021","149","6466","2.30"
"Guinea-Bissau","2022","176","8947","1.97"
"Guinea-Bissau","2023","177","9614","1.84"
"Guinea-Bissau","2024","177","9614","1.84"
"Guyana","2020","162","6289","2.58"
"Guyana","2021","1042","39042","2.67"
"Guyana","2022","1286","72004","1.79"
"Guyana","2023","1299","73683","1.76"
"Guyana","2024","1302","74443","1.75"
"Haiti","2020","235","9846","2.39"
"Haiti","2021","766","25974","2.95"
"Haiti","2022","860","33912","2.54"
"Haiti","2023","860","34228","2.51"
"Haiti","2024","860","34456","2.50"
"High-income countries","2020","869797","39646832","2.19"
"High-income countries","2021","2029210","130437351","1.56"
"High-income countries","2022","2762419","401540491","0.69"
"High-income countries","2023","2959500","427908002","0.69"
"High-income countries","2024","2997359","429044049","0.70"
"Honduras","2020","3061","118659","2.58"
"Honduras","2021","10429","379073","2.75"
"Honduras","2022","11063","463685","2.39"
"Honduras","2023","11114","472747","2.35"
"Honduras","2024","11114","472896","2.35"
"Hong Kong","2020","0","0","0"
"Hong Kong","2021","0","0","0"
"Hong Kong","2022","0","0","0"
"Hong Kong","2023","0","0","0"
"Hong Kong","2024","0","0","0"
"Hungary","2020","9047","316060","2.86"
"Hungary","2021","38307","1237330","3.10"
"Hungary","2022","48439","2181419","2.22"
"Hungary","2023","48991","2227159","2.20"
"Hungary","2024","49053","2230800","2.20"
"Iceland","2020","28","5743","0.49"
"Iceland","2021","37","24206","0.15"
"Iceland","2022","186","207213","0.09"
"Iceland","2023","186","209791","0.09"
"Iceland","2024","186","210374","0.09"
"India","2020","147622","10187850","1.45"
"India","2021","479682","34786802","1.38"
"India","2022","530693","44677106","1.19"
"India","2023","533361","45013172","1.18"
"India","2024","533623","45041748","1.18"
"Indonesia","2020","21237","713365","2.98"
"Indonesia","2021","144055","4261759","3.38"
"Indonesia","2022","160537","6716124","2.39"
"Indonesia","2023","161972","6821770","2.37"
"Indonesia","2024","162059","6829399","2.37"
"Iran","2020","54574","1194963","4.57"
"Iran","2021","131348","6182905","2.12"
"Iran","2022","144673","7560731","1.91"
"Iran","2023","146757","7625463","1.92"
"Iran","2024","146837","7627863","1.93"
"Iraq","2020","12767","590779","2.16"
"Iraq","2021","24122","2092312","1.15"
"Iraq","2022","25374","2465373","1.03"
"Iraq","2023","25375","2465545","1.03"
"Iraq","2024","25375","2465545","1.03"
"Ireland","2020","2230","85176","2.62"
"Ireland","2021","6054","696093","0.87"
"Ireland","2022","8437","1689764","0.50"
"Ireland","2023","9452","1728953","0.55"
"Ireland","2024","9744","1745088","0.56"
"Isle of Man","2020","35","377","9.28"
"Isle of Man","2021","67","13913","0.48"
"Isle of Man","2022","116","38008","0.31"
"Isle of Man","2023","116","38008","0.31"
"Isle of Man","2024","116","38008","0.31"
"Israel","2020","3242","399105","0.81"
"Israel","2021","8251","1364768","0.60"
"Israel","2022","12026","4756704","0.25"
"Israel","2023","12707","4841558","0.26"
"Israel","2024","12707","4841558","0.26"
"Italy","2020","71627","2039182","3.51"
"Italy","2021","136530","5622431","2.43"
"Italy","2022","184168","25060503","0.73"
"Italy","2023","195580","26661619","0.73"
"Italy","2024","197307","26781078","0.74"
"Jamaica","2020","294","12684","2.32"
"Jamaica","2021","2462","92355","2.67"
"Jamaica","2022","3463","152791","2.27"
"Jamaica","2023","3598","156646","2.30"
"Jamaica","2024","3611","157181","2.30"
"Japan","2020","3213","217312","1.48"
"Japan","2021","18387","1731789","1.06"
"Japan","2022","55813","28266405","0.20"
"Japan","2023","74694","33803572","0.22"
"Japan","2024","74694","33803572","0.22"
"Jersey","2020","41","2643","1.55"
"Jersey","2021","89","17472","0.51"
"Jersey","2022","146","65386","0.22"
"Jersey","2023","161","66391","0.24"
"Jersey","2024","161","66391","0.24"
"Jordan","2020","3729","286356","1.30"
"Jordan","2021","12444","1051421","1.18"
"Jordan","2022","14122","1746997","0.81"
"Jordan","2023","14122","1746997","0.81"
"Jordan","2024","14122","1746997","0.81"
"Kazakhstan","2020","2669","197142","1.35"
"Kazakhstan","2021","18185","1069864","1.70"
"Kazakhstan","2022","19057","1492221","1.28"
"Kazakhstan","2023","19072","1503205","1.27"
"Kazakhstan","2024","19072","1504370","1.27"
"Kenya","2020","1655","95843","1.73"
"Kenya","2021","5359","281358","1.90"
"Kenya","2022","5688","342470","1.66"
"Kenya","2023","5689","344094","1.65"
"Kenya","2024","5689","344106","1.65"
"Kiribati","2020","0","0","0"
"Kiribati","2021","0","0","0"
"Kiribati","2022","13","3430","0.38"
"Kiribati","2023","24","5085","0.47"
"Kiribati","2024","24","5085","0.47"
"Kosovo","2020","1295","50362","2.57"
"Kosovo","2021","2979","161284","1.85"
"Kosovo","2022","3192","272205","1.17"
"Kosovo","2023","3212","274279","1.17"
"Kosovo","2024","3212","274279","1.17"
"Kuwait","2020","929","149449","0.62"
"Kuwait","2021","2468","414911","0.59"
"Kuwait","2022","2570","662918","0.39"
"Kuwait","2023","2570","666586","0.39"
"Kuwait","2024","2570","667290","0.39"
"Kyrgyzstan","2020","0","0","0"
"Kyrgyzstan","2021","860","68891","1.25"
"Kyrgyzstan","2022","1024","88455","1.16"
"Kyrgyzstan","2023","1024","88943","1.15"
"Kyrgyzstan","2024","1024","88953","1.15"
"Laos","2020","0","41","0.00"
"Laos","2021","325","106231","0.31"
"Laos","2022","671","217642","0.31"
"Laos","2023","671","218906","0.31"
"Laos","2024","671","219060","0.31"
"Latvia","2020","632","36330","1.74"
"Latvia","2021","4815","271429","1.77"
"Latvia","2022","7011","970519","0.72"
"Latvia","2023","7465","977701","0.76"
"Latvia","2024","7475","977765","0.76"
"Lebanon","2020","1379","169472","0.81"
"Lebanon","2021","9027","711259","1.27"
"Lebanon","2022","10744","1222126","0.88"
"Lebanon","2023","10947","1239904","0.88"
"Lebanon","2024","10947","1239904","0.88"
"Lesotho","2020","64","2577","2.48"
"Lesotho","2021","665","28182","2.36"
"Lesotho","2022","706","34490","2.05"
"Lesotho","2023","709","36138","1.96"
"Lesotho","2024","709","36138","1.96"
"Liberia","2020","89","1821","4.89"
"Liberia","2021","287","6228","4.61"
"Liberia","2022","294","8050","3.65"
"Liberia","2023","294","8090","3.63"
"Liberia","2024","294","7930","3.71"
"Libya","2020","1415","97653","1.45"
"Libya","2021","5641","384663","1.47"
"Libya","2022","6437","507121","1.27"
"Libya","2023","6437","507269","1.27"
"Libya","2024","6437","507269","1.27"
"Liechtenstein","2020","39","2088","1.87"
"Liechtenstein","2021","69","6059","1.14"
"Liechtenstein","2022","87","21281","0.41"
"Liechtenstein","2023","88","21567","0.41"
"Liechtenstein","2024","89","21588","0.41"
"Lithuania","2020","1617","134219","1.20"
"Lithuania","2021","7302","516006","1.42"
"Lithuania","2022","9469","1286222","0.74"
"Lithuania","2023","9773","1359230","0.72"
"Lithuania","2024","9810","1369355","0.72"
"Low-income countries","2020","9603","360663","2.66"
"Low-income countries","2021","37771","1453552","2.60"
"Low-income countries","2022","43256","1894082","2.28"
"Low-income countries","2023","43494","1936873","2.25"
"Low-income countries","2024","43529","1944334","2.24"
"Lower-middle-income countries","2020","295146","16208496","1.82"
"Lower-middle-income countries","2021","1046741","61806457","1.69"
"Lower-middle-income countries","2022","1178628","90914950","1.30"
"Lower-middle-income countries","2023","1187550","91892926","1.29"
"Lower-middle-income countries","2024","1188026","91954400","1.29"
"Luxembourg","2020","285","38383","0.74"
"Luxembourg","2021","635","95888","0.66"
"Luxembourg","2022","955","364867","0.26"
"Luxembourg","2023","1000","390037","0.26"
"Luxembourg","2024","1000","393542","0.25"
"Macao","2021","0","0","0"
"Macao","2022","0","0","0"
"Macao","2023","0","0","0"
"Madagascar","2020","261","17714","1.47"
"Madagascar","2021","1027","50279","2.04"
"Madagascar","2022","1416","67735","2.09"
"Madagascar","2023","1426","68482","2.08"
"Madagascar","2024","1428","68567","2.08"
"Malawi","2020","188","6343","2.96"
"Malawi","2021","2328","70682","3.29"
"Malawi","2022","2685","88160","3.05"
"Malawi","2023","2686","89168","3.01"
"Malawi","2024","2686","89168","3.01"
"Malaysia","2020","451","103900","0.43"
"Malaysia","2021","31334","2741179","1.14"
"Malaysia","2022","36835","5023306","0.73"
"Malaysia","2023","37293","5227322","0.71"
"Malaysia","2024","37351","5309410","0.70"
"Maldives","2020","48","13644","0.35"
"Maldives","2021","261","94864","0.28"
"Maldives","2022","311","185678","0.17"
"Maldives","2023","316","186694","0.17"
"Maldives","2024","316","186694","0.17"
"Mali","2020","250","6574","3.80"
"Mali","2021","653","20011","3.26"
"Mali","2022","743","32768","2.27"
"Mali","2023","743","33164","2.24"
"Mali","2024","743","33166","2.24"
"Malta","2020","227","12616","1.80"
"Malta","2021","493","47436","1.04"
"Malta","2022","834","116237","0.72"
"Malta","2023","891","121022","0.74"
"Malta","2024","922","122796","0.75"
"Marshall Islands","2020","0","4","0.00"
"Marshall Islands","2021","0","4","0.00"
"Marshall Islands","2022","17","15544","0.11"
"Marshall Islands","2023","17","16138","0.11"
"Marshall Islands","2024","17","16297","0.10"
"Martinique","2020","42","6072","0.69"
"Martinique","2021","775","47828","1.62"
"Martinique","2022","1079","227390","0.47"
"Martinique","2023","1104","230354","0.48"
"Martinique","2024","1104","230354","0.48"
"Mauritania","2020","337","13516","2.49"
"Mauritania","2021","862","40453","2.13"
"Mauritania","2022","997","63428","1.57"
"Mauritania","2023","997","63787","1.56"
"Mauritania","2024","997","63872","1.56"
"Mauritius","2020","10","527","1.90"
"Mauritius","2021","762","90090","0.85"
"Mauritius","2022","1039","291206","0.36"
"Mauritius","2023","1060","323720","0.33"
"Mauritius","2024","1073","328167","0.33"
"Mayotte","2020","54","5767","0.94"
"Mayotte","2021","185","21288","0.87"
"Mayotte","2022","187","41969","0.45"
"Mayotte","2023","187","42027","0.44"
"Mayotte","2024","187","42027","0.44"
"Mexico","2020","143890","1453414","9.90"
"Mexico","2021","303255","4001979","7.58"
"Mexico","2022","331322","7245590","4.57"
"Mexico","2023","334126","7608416","4.39"
"Mexico","2024","334551","7619458","4.39"
"Micronesia (country)","2020","0","0","0"
"Micronesia (country)","2021","0","0","0"
"Micronesia (country)","2022","58","22069","0.26"
"Micronesia (country)","2023","65","26547","0.24"
"Micronesia (country)","2024","65","31765","0.20"
"Moldova","2020","2960","140996","2.10"
"Moldova","2021","10184","374349","2.72"
"Moldova","2022","11929","596100","2.00"
"Moldova","2023","12174","631061","1.93"
"Moldova","2024","12245","637520","1.92"
"Monaco","2020","3","645","0.47"
"Monaco","2021","38","4605","0.83"
"Monaco","2022","65","16439","0.40"
"Monaco","2023","67","17181","0.39"
"Monaco","2024","67","17181","0.39"
"Mongolia","2020","1","1121","0.09"
"Mongolia","2021","1981","690950","0.29"
"Mongolia","2022","2136","1007314","0.21"
"Mongolia","2023","2136","1011334","0.21"
"Mongolia","2024","2136","1011489","0.21"
"Montenegro","2020","543","35210","1.54"
"Montenegro","2021","2276","158010","1.44"
"Montenegro","2022","2616","243973","1.07"
"Montenegro","2023","2654","251280","1.06"
"Montenegro","2024","2654","251280","1.06"
"Montserrat","2020","1","13","7.69"
"Montserrat","2021","1","45","2.22"
"Montserrat","2022","8","1403","0.57"
"Montserrat","2023","8","1403","0.57"
"Montserrat","2024","8","1403","0.57"
"Morocco","2020","7204","430562","1.67"
"Morocco","2021","14827","955587","1.55"
"Morocco","2022","16294","1271244","1.28"
"Morocco","2023","16300","1278269","1.28"
"Morocco","2024","16305","1279115","1.27"
"Mozambique","2020","159","18162","0.88"
"Mozambique","2021","1960","164862","1.19"
"Mozambique","2022","2230","230970","0.97"
"Mozambique","2023","2250","233731","0.96"
"Mozambique","2024","2252","233843","0.96"
"Myanmar","2020","2601","121886","2.13"
"Myanmar","2021","19254","529613","3.64"
"Myanmar","2022","19490","633612","3.08"
"Myanmar","2023","19494","641448","3.04"
"Myanmar","2024","19494","642885","3.03"
"Namibia","2020","195","21923","0.89"
"Namibia","2021","3611","146097","2.47"
"Namibia","2022","4082","170278","2.40"
"Namibia","2023","4103","172249","2.38"
"Namibia","2024","4108","172533","2.38"
"Nauru","2020","0","0","0"
"Nauru","2021","0","0","0"
"Nauru","2022","1","4621","0.02"
"Nauru","2023","1","5393","0.02"
"Nauru","2024","1","5393","0.02"
"Nepal","2020","2720","258181","1.05"
"Nepal","2021","11585","827271","1.40"
"Nepal","2022","12019","1000966","1.20"
"Nepal","2023","12031","1003450","1.20"
"Nepal","2024","12031","1003450","1.20"
"Netherlands","2020","11539","773198","1.49"
"Netherlands","2021","20960","3085502","0.68"
"Netherlands","2022","22976","8566067","0.27"
"Netherlands","2023","22986","8631030","0.27"
"Netherlands","2024","22986","8640008","0.27"
"New Caledonia","2020","0","38","0.00"
"New Caledonia","2021","280","12717","2.20"
"New Caledonia","2022","314","79162","0.40"
"New Caledonia","2023","314","80064","0.39"
"New Caledonia","2024","314","80163","0.39"
"New Zealand","2020","25","1789","1.40"
"New Zealand","2021","50","13529","0.37"
"New Zealand","2022","2288","2027981","0.11"
"New Zealand","2023","3623","2440375","0.15"
"New Zealand","2024","4284","2639048","0.16"
"Nicaragua","2020","164","4790","3.42"
"Nicaragua","2021","216","13531","1.60"
"Nicaragua","2022","245","15365","1.59"
"Nicaragua","2023","245","16115","1.52"
"Nicaragua","2024","245","16185","1.51"
"Niger","2020","101","3109","3.25"
"Niger","2021","274","7268","3.77"
"Niger","2022","314","9486","3.31"
"Niger","2023","315","9515","3.31"
"Niger","2024","315","9518","3.31"
"Nigeria","2020","1247","83576","1.49"
"Nigeria","2021","3014","236014","1.28"
"Nigeria","2022","3155","266415","1.18"
"Nigeria","2023","3155","267188","1.18"
"Nigeria","2024","3155","267188","1.18"
"Niue","2020","0","0","0"
"Niue","2021","0","0","0"
"Niue","2022","0","335","0.00"
"Niue","2023","0","993","0.00"
"Niue","2024","0","1074","0.00"
"North America","2020","522270","21915965","2.38"
"North America","2021","1217535","62183008","1.96"
"North America","2022","1546356","119045784","1.30"
"North America","2023","1641105","124427381","1.32"
"North America","2024","1671178","124492666","1.34"
"North Korea","2020","0","0","0"
"North Korea","2021","0","0","0"
"North Korea","2022","0","0","0"
"North Korea","2023","0","0","0"
"North Korea","2024","0","0","0"
"North Macedonia","2020","2896","81796","3.54"
"North Macedonia","2021","8352","223309","3.74"
"North Macedonia","2022","9876","345588","2.86"
"North Macedonia","2023","9965","350316","2.84"
"North Macedonia","2024","9978","350924","2.84"
"Northern Cyprus","2021","0","0","0"
"Northern Cyprus","2022","0","0","0"
"Northern Ireland","2020","0","0","0"
"Northern Ireland","2021","0","0","0"
"Northern Ireland","2022","0","0","0"
"Northern Ireland","2023","0","0","0"
"Northern Mariana Islands","2020","2","122","1.64"
"Northern Mariana Islands","2021","11","2893","0.38"
"Northern Mariana Islands","2022","41","13236","0.31"
"Northern Mariana Islands","2023","41","14341","0.29"
"Northern Mariana Islands","2024","41","14912","0.27"
"Norway","2020","421","47244","0.89"
"Norway","2021","1335","375290","0.36"
"Norway","2022","4745","1474524","0.32"
"Norway","2023","5732","1503931","0.38"
"Norway","2024","5732","1512647","0.38"
"Oceania","2020","1187","54742","2.17"
"Oceania","2021","4918","546970","0.90"
"Oceania","2022","23417","13197029","0.18"
"Oceania","2023","31362","14658184","0.21"
"Oceania","2024","32918","15003352","0.22"
"Oman","2020","1491","128290","1.16"
"Oman","2021","4480","305058","1.47"
"Oman","2022","4628","399308","1.16"
"Oman","2023","4628","399449","1.16"
"Oman","2024","4628","399449","1.16"
"Pakistan","2020","9816","469482","2.09"
"Pakistan","2021","28905","1293081","2.24"
"Pakistan","2022","30635","1575651","1.94"
"Pakistan","2023","30656","1580631","1.94"
"Pakistan","2024","30656","1580631","1.94"
"Palau","2020","0","0","0"
"Palau","2021","0","8","0.00"
"Palau","2022","9","5968","0.15"
"Palau","2023","9","6265","0.14"
"Palau","2024","10","6372","0.16"
"Palestine","2020","1406","148540","0.95"
"Palestine","2021","4900","468443","1.05"
"Palestine","2022","5708","703228","0.81"
"Palestine","2023","5708","703228","0.81"
"Palestine","2024","5708","703228","0.81"
"Panama","2020","3756","226660","1.66"
"Panama","2021","7409","486377","1.52"
"Panama","2022","8567","1023778","0.84"
"Panama","2023","8654","1042827","0.83"
"Panama","2024","8748","1044821","0.84"
"Papua New Guinea","2020","9","780","1.15"
"Papua New Guinea","2021","590","36130","1.63"
"Papua New Guinea","2022","669","46692","1.43"
"Papua New Guinea","2023","670","46864","1.43"
"Papua New Guinea","2024","670","46864","1.43"
"Paraguay","2020","2154","103888","2.07"
"Paraguay","2021","16598","465130","3.57"
"Paraguay","2022","19666","722093","2.72"
"Paraguay","2023","19880","735759","2.70"
"Paraguay","2024","19880","735759","2.70"
"Peru","2020","92523","1005546","9.20"
"Peru","2021","202454","2272885","8.91"
"Peru","2022","218007","4438778","4.91"
"Peru","2023","220516","4505220","4.89"
"Peru","2024","220975","4526977","4.88"
"Philippines","2020","9067","469003","1.93"
"Philippines","2021","51200","2838474","1.80"
"Philippines","2022","65262","4059369","1.61"
"Philippines","2023","66795","4173631","1.60"
"Philippines","2024","66864","4140383","1.61"
"Pitcairn","2020","0","0","0"
"Pitcairn","2021","0","0","0"
"Pitcairn","2022","0","4","0.00"
"Pitcairn","2023","0","4","0.00"
"Pitcairn","2024","0","4","0.00"
"Poland","2020","27207","1259923","2.16"
"Poland","2021","94330","4050832","2.33"
"Poland","2022","118475","6365382","1.86"
"Poland","2023","120238","6632065","1.81"
"Poland","2024","120726","6670799","1.81"
"Portugal","2020","6695","377474","1.77"
"Portugal","2021","18888","1282648","1.47"
"Portugal","2022","25773","5550568","0.46"
"Portugal","2023","27929","5639499","0.50"
"Portugal","2024","28809","5664109","0.51"
"Puerto Rico","2020","1630","82303","1.98"
"Puerto Rico","2021","3301","252334","1.31"
"Puerto Rico","2022","5541","1131039","0.49"
"Puerto Rico","2023","5938","1252713","0.47"
"Puerto Rico","2024","5938","1252713","0.47"
"Qatar","2020","244","142903","0.17"
"Qatar","2021","614","247796","0.25"
"Qatar","2022","685","487987","0.14"
"Qatar","2023","690","514524","0.13"
"Qatar","2024","690","514524","0.13"
"Reunion","2020","42","8909","0.47"
"Reunion","2021","401","71795","0.56"
"Reunion","2022","906","486659","0.19"
"Reunion","2023","921","494595","0.19"
"Reunion","2024","921","494595","0.19"
"Romania","2020","15108","613760","2.46"
"Romania","2021","58536","1802396","3.25"
"Romania","2022","67341","3305048","2.04"
"Romania","2023","68714","3512593","1.96"
"Romania","2024","68825","3541619","1.94"
"Russia","2020","54778","3050248","1.80"
"Russia","2021","304218","10392020","2.93"
"Russia","2022","393383","21764292","1.81"
"Russia","2023","401359","23746552","1.69"
"Russia","2024","403188","24268728","1.66"
"Rwanda","2020","73","7817","0.93"
"Rwanda","2021","1346","104512","1.29"
"Rwanda","2022","1467","132920","1.10"
"Rwanda","2023","1468","133208","1.10"
"Rwanda","2024","1468","133264","1.10"
"Saint Barthelemy","2020","0","189","0.00"
"Saint Barthelemy","2021","4","1726","0.23"
"Saint Barthelemy","2022","5","5402","0.09"
"Saint Barthelemy","2023","5","5507","0.09"
"Saint Barthelemy","2024","5","5507","0.09"
"Saint Helena","2020","0","0","0"
"Saint Helena","2021","0","0","0"
"Saint Helena","2022","0","2166","0.00"
"Saint Helena","2023","0","2166","0.00"
"Saint Helena","2024","0","2166","0.00"
"Saint Kitts and Nevis","2020","0","30","0.00"
"Saint Kitts and Nevis","2021","28","2836","0.99"
"Saint Kitts and Nevis","2022","46","6562","0.70"
"Saint Kitts and Nevis","2023","46","6607","0.70"
"Saint Kitts and Nevis","2024","46","6607","0.70"
"Saint Lucia","2020","5","305","1.64"
"Saint Lucia","2021","295","13275","2.22"
"Saint Lucia","2022","409","29748","1.37"
"Saint Lucia","2023","410","30230","1.36"
"Saint Lucia","2024","410","30282","1.35"
"Saint Martin (French part)","2020","12","986","1.22"
"Saint Martin (French part)","2021","39","4118","0.95"
"Saint Martin (French part)","2022","46","12180","0.38"
"Saint Martin (French part)","2023","46","12324","0.37"
"Saint Martin (French part)","2024","46","12324","0.37"
"Saint Pierre and Miquelon","2020","0","16","0.00"
"Saint Pierre and Miquelon","2021","0","98","0.00"
"Saint Pierre and Miquelon","2022","2","3348","0.06"
"Saint Pierre and Miquelon","2023","2","3426","0.06"
"Saint Pierre and Miquelon","2024","2","3426","0.06"
"Saint Vincent and the Grenadines","2020","0","108","0.00"
"Saint Vincent and the Grenadines","2021","81","5843","1.39"
"Saint Vincent and the Grenadines","2022","118","9521","1.24"
"Saint Vincent and the Grenadines","2023","124","9674","1.28"
"Saint Vincent and the Grenadines","2024","124","9674","1.28"
"Samoa","2020","0","1","0.00"
"Samoa","2021","0","2","0.00"
"Samoa","2022","29","16270","0.18"
"Samoa","2023","31","16962","0.18"
"Samoa","2024","31","17057","0.18"
"San Marino","2020","57","2293","2.49"
"San Marino","2021","98","7641","1.28"
"San Marino","2022","121","23007","0.53"
"San Marino","2023","126","25292","0.50"
"San Marino","2024","126","25292","0.50"
"Sao Tome and Principe","2020","17","1014","1.68"
"Sao Tome and Principe","2021","57","3744","1.52"
"Sao Tome and Principe","2022","77","6279","1.23"
"Sao Tome and Principe","2023","80","6736","1.19"
"Sao Tome and Principe","2024","80","6771","1.18"
"Saudi Arabia","2020","6176","362066","1.71"
"Saudi Arabia","2021","8870","552406","1.61"
"Saudi Arabia","2022","9508","826766","1.15"
"Saudi Arabia","2023","9646","841469","1.15"
"Saudi Arabia","2024","9646","841469","1.15"
"Scotland","2020","0","0","0"
"Scotland","2021","0","0","0"
"Scotland","2022","0","0","0"
"Scotland","2023","0","0","0"
"Senegal","2020","387","18523","2.09"
"Senegal","2021","1890","74353","2.54"
"Senegal","2022","1968","88900","2.21"
"Senegal","2023","1971","89050","2.21"
"Senegal","2024","1971","89485","2.20"
"Serbia","2020","2983","323367","0.92"
"Serbia","2021","12568","1289493","0.97"
"Serbia","2022","17495","2439730","0.72"
"Serbia","2023","18057","2583470","0.70"
"Serbia","2024","18057","2583470","0.70"
"Seychelles","2020","0","211","0.00"
"Seychelles","2021","126","24381","0.52"
"Seychelles","2022","172","50355","0.34"
"Seychelles","2023","172","51220","0.34"
"Seychelles","2024","172","51886","0.33"
"Sierra Leone","2020","76","2549","2.98"
"Sierra Leone","2021","123","6659","1.85"
"Sierra Leone","2022","126","7760","1.62"
"Sierra Leone","2023","125","7779","1.61"
"Sierra Leone","2024","125","7979","1.57"
"Singapore","2020","29","58519","0.05"
"Singapore","2021","822","277764","0.30"
"Singapore","2022","1711","2193890","0.08"
"Singapore","2023","1954","2924515","0.07"
"Singapore","2024","2024","3006155","0.07"
"Sint Maarten (Dutch part)","2020","26","1370","1.90"
"Sint Maarten (Dutch part)","2021","75","4748","1.58"
"Sint Maarten (Dutch part)","2022","89","10988","0.81"
"Sint Maarten (Dutch part)","2023","92","11051","0.83"
"Sint Maarten (Dutch part)","2024","92","11051","0.83"
"Slovakia","2020","1773","167523","1.06"
"Slovakia","2021","16398","825629","1.99"
"Slovakia","2022","20803","1858687","1.12"
"Slovakia","2023","21207","1875529","1.13"
"Slovakia","2024","21227","1878002","1.13"
"Slovenia","2020","2881","115411","2.50"
"Slovenia","2021","6089","456842","1.33"
"Slovenia","2022","8801","1300803","0.68"
"Slovenia","2023","9860","1354415","0.73"
"Slovenia","2024","10083","1356582","0.74"
"Solomon Islands","2020","0","17","0.00"
"Solomon Islands","2021","0","22","0.00"
"Solomon Islands","2022","153","21611","0.71"
"Solomon Islands","2023","199","25954","0.77"
"Solomon Islands","2024","199","25954","0.77"
"Somalia","2020","127","4690","2.71"
"Somalia","2021","1333","23532","5.66"
"Somalia","2022","1361","27300","4.99"
"Somalia","2023","1361","27334","4.98"
"Somalia","2024","1361","27334","4.98"
"South Africa","2020","26521","994911","2.67"
"South Africa","2021","90773","3407937","2.66"
"South Africa","2022","102568","4048232","2.53"
"South Africa","2023","102595","4072636","2.52"
"South Africa","2024","102595","4072765","2.52"
"South America","2020","415344","12876289","3.23"
"South America","2021","1191189","39550315","3.01"
"South America","2022","1340326","66523165","2.01"
"South America","2023","1352944","68624053","1.97"
"South America","2024","1354187","68809418","1.97"
"South Korea","2020","808","56855","1.42"
"South Korea","2021","5300","611667","0.87"
"South Korea","2022","31882","28659055","0.11"
"South Korea","2023","35934","34571873","0.10"
"South Korea","2024","35934","34571873","0.10"
"South Sudan","2020","63","3505","1.80"
"South Sudan","2021","135","14810","0.91"
"South Sudan","2022","138","18368","0.75"
"South Sudan","2023","147","18819","0.78"
"South Sudan","2024","147","18823","0.78"
"Spain","2020","53964","1919549","2.81"
"Spain","2021","91275","6100138","1.50"
"Spain","2022","118943","13754962","0.86"
"Spain","2023","121852","13980340","0.87"
"Spain","2024","121852","13980340","0.87"
"Sri Lanka","2020","191","41054","0.47"
"Sri Lanka","2021","14884","583649","2.55"
"Sri Lanka","2022","16815","671851","2.50"
"Sri Lanka","2023","16890","672707","2.51"
"Sri Lanka","2024","16907","672798","2.51"
"Sudan","2020","1520","24694","6.16"
"Sudan","2021","3298","46285","7.13"
"Sudan","2022","4994","63690","7.84"
"Sudan","2023","5046","63993","7.89"
"Sudan","2024","5046","63993","7.89"
"Suriname","2020","119","5880","2.02"
"Suriname","2021","1186","51563","2.30"
"Suriname","2022","1393","81581","1.71"
"Suriname","2023","1404","82495","1.70"
"Suriname","2024","1406","82501","1.70"
"Sweden","2020","9323","418129","2.23"
"Sweden","2021","15302","1286608","1.19"
"Sweden","2022","22003","2671881","0.82"
"Sweden","2023","26686","2746617","0.97"
"Sweden","2024","27399","2755181","0.99"
"Switzerland","2020","7182","435319","1.65"
"Switzerland","2021","11828","1253630","0.94"
"Switzerland","2022","13865","4375085","0.32"
"Switzerland","2023","14170","4446941","0.32"
"Switzerland","2024","14170","4457868","0.32"
"Syria","2020","669","10932","6.12"
"Syria","2021","2871","50051","5.74"
"Syria","2022","3163","57423","5.51"
"Syria","2023","3163","57423","5.51"
"Syria","2024","3163","57423","5.51"
"Taiwan","2020","0","0","0"
"Taiwan","2021","0","0","0"
"Taiwan","2022","0","0","0"
"Taiwan","2023","0","0","0"
"Tajikistan","2020","90","13555","0.66"
"Tajikistan","2021","125","17493","0.71"
"Tajikistan","2022","125","17786","0.70"
"Tajikistan","2023","125","17786","0.70"
"Tajikistan","2024","125","17786","0.70"
"Tanzania","2020","21","509","4.13"
"Tanzania","2021","737","29306","2.51"
"Tanzania","2022","845","42351","2.00"
"Tanzania","2023","846","43223","1.96"
"Tanzania","2024","846","43230","1.96"
"Thailand","2020","60","6141","0.98"
"Thailand","2021","21580","2209970","0.98"
"Thailand","2022","33594","4721808","0.71"
"Thailand","2023","34517","4762375","0.72"
"Thailand","2024","34715","4799180","0.72"
"Togo","2020","68","3555","1.91"
"Togo","2021","246","27992","0.88"
"Togo","2022","290","39341","0.74"
"Togo","2023","290","39527","0.73"
"Togo","2024","290","39530","0.73"
"Tokelau","2020","0","0","0"
"Tokelau","2021","0","0","0"
"Tokelau","2022","0","5","0.00"
"Tokelau","2023","0","80","0.00"
"Tokelau","2024","0","80","0.00"
"Tonga","2020","0","0","0"
"Tonga","2021","0","1","0.00"
"Tonga","2022","12","16412","0.07"
"Tonga","2023","12","16949","0.07"
"Tonga","2024","12","16976","0.07"
"Trinidad and Tobago","2020","125","7097","1.76"
"Trinidad and Tobago","2021","2718","88944","3.06"
"Trinidad and Tobago","2022","4277","185882","2.30"
"Trinidad and Tobago","2023","4390","191496","2.29"
"Trinidad and Tobago","2024","4390","191496","2.29"
"Tunisia","2020","4426","130230","3.40"
"Tunisia","2021","25523","722795","3.53"
"Tunisia","2022","29279","1147477","2.55"
"Tunisia","2023","29423","1153361","2.55"
"Tunisia","2024","29423","1153361","2.55"
"Turkey","2020","19624","2133373","0.92"
"Turkey","2021","81303","9286986","0.88"
"Turkey","2022","101419","17004677","0.60"
"Turkey","2023","101419","17004690","0.60"
"Turkey","2024","101419","17004718","0.60"
"Turkmenistan","2020","0","0","0"
"Turkmenistan","2021","0","0","0"
"Turkmenistan","2022","0","0","0"
"Turkmenistan","2023","0","0","0"
"Turkmenistan","2024","0","0","0"
"Turks and Caicos Islands","2020","6","844","0.71"
"Turks and Caicos Islands","2021","26","3235","0.80"
"Turks and Caicos Islands","2022","36","6479","0.56"
"Turks and Caicos Islands","2023","40","6710","0.60"
"Turks and Caicos Islands","2024","40","6805","0.59"
"Tuvalu","2020","0","0","0"
"Tuvalu","2021","0","0","0"
"Tuvalu","2022","0","2779","0.00"
"Tuvalu","2023","1","2943","0.03"
"Tuvalu","2024","1","2943","0.03"
"Uganda","2020","298","33815","0.88"
"Uganda","2021","3280","135091","2.43"
"Uganda","2022","3630","169890","2.14"
"Uganda","2023","3632","171888","2.11"
"Uganda","2024","3632","172154","2.11"
"Ukraine","2020","15278","988108","1.55"
"Ukraine","2021","92533","3606084","2.57"
"Ukraine","2022","108249","5315676","2.04"
"Ukraine","2023","109918","5527002","1.99"
"Ukraine","2024","109920","5532777","1.99"
"United Arab Emirates","2020","655","200892","0.33"
"United Arab Emirates","2021","2156","749530","0.29"
"United Arab Emirates","2022","2348","1046549","0.22"
"United Arab Emirates","2023","2349","1067030","0.22"
"United Arab Emirates","2024","2349","1067030","0.22"
"United Kingdom","2020","90475","2344433","3.86"
"United Kingdom","2021","176159","12574779","1.40"
"United Kingdom","2022","215345","24159037","0.89"
"United Kingdom","2023","232112","24865259","0.93"
"United Kingdom","2024","232112","24974629","0.93"
"United States","2020","342920","18890446","1.82"
"United States","2021","812587","51878860","1.57"
"United States","2022","1079976","99019493","1.09"
"United States","2023","1164476","103436829","1.13"
"United States","2024","1193165","103436829","1.15"
"United States Virgin Islands","2020","23","1979","1.16"
"United States Virgin Islands","2021","88","8007","1.10"
"United States Virgin Islands","2022","127","23734","0.54"
"United States Virgin Islands","2023","132","25389","0.52"
"United States Virgin Islands","2024","132","25389","0.52"
"Upper-middle-income countries","2020","722603","24060269","3.00"
"Upper-middle-income countries","2021","2330661","86662211","2.69"
"Upper-middle-income countries","2022","2707703","209130051","1.29"
"Upper-middle-income countries","2023","2820547","250895657","1.12"
"Upper-middle-income countries","2024","2824452","251753518","1.12"
"Uruguay","2020","143","15848","0.90"
"Uruguay","2021","6162","406739","1.51"
"Uruguay","2022","7562","1011988","0.75"
"Uruguay","2023","7625","1037893","0.73"
"Uruguay","2024","7682","1041346","0.74"
"Uzbekistan","2020","0","9","0.00"
"Uzbekistan","2021","860","116785","0.74"
"Uzbekistan","2022","1016","167292","0.61"
"Uzbekistan","2023","1016","175081","0.58"
"Uzbekistan","2024","1016","175081","0.58"
"Vanuatu","2020","0","1","0.00"
"Vanuatu","2021","0","7","0.00"
"Vanuatu","2022","14","12013","0.12"
"Vanuatu","2023","14","12019","0.12"
"Vanuatu","2024","14","12019","0.12"
"Vatican","2020","0","26","0.00"
"Vatican","2021","0","26","0.00"
"Vatican","2022","0","26","0.00"
"Vatican","2023","0","26","0.00"
"Vatican","2024","0","26","0.00"
"Venezuela","2020","1010","111603","0.90"
"Venezuela","2021","5312","442999","1.20"
"Venezuela","2022","5830","549844","1.06"
"Venezuela","2023","5856","552695","1.06"
"Venezuela","2024","5856","552695","1.06"
"Vietnam","2020","35","1440","2.43"
"Vietnam","2021","31214","1651673","1.89"
"Vietnam","2022","43184","11524202","0.37"
"Vietnam","2023","43206","11624000","0.37"
"Vietnam","2024","43206","11624000","0.37"
"Wales","2020","0","0","0"
"Wales","2021","0","0","0"
"Wales","2022","0","0","0"
"Wales","2023","0","0","0"
"Wallis and Futuna","2020","0","4","0.00"
"Wallis and Futuna","2021","7","453","1.55"
"Wallis and Futuna","2022","7","3415","0.20"
"Wallis and Futuna","2023","8","3550","0.23"
"Wallis and Futuna","2024","9","3760","0.24"
"Western Sahara","2022","0","0","0"
"World","2020","1897520","80316045","2.36"
"World","2021","5446878","280613650","1.94"
"World","2022","6695683","704630839","0.95"
"World","2023","7014856","773803507","0.91"
"World","2024","7057132","775866783","0.91"
"Yemen","2020","607","2096","28.96"
"Yemen","2021","1983","10111","19.61"
"Yemen","2022","2159","11945","18.07"
"Yemen","2023","2159","11945","18.07"
"Yemen","2024","2159","11945","18.07"
"Zambia","2020","382","19671","1.94"
"Zambia","2021","3697","231581","1.60"
"Zambia","2022","4022","334066","1.20"
"Zambia","2023","4069","349304","1.16"
"Zambia","2024","4077","349842","1.17"
"Zimbabwe","2020","341","12963","2.63"
"Zimbabwe","2021","4885","203746","2.40"
"Zimbabwe","2022","5635","259944","2.17"
"Zimbabwe","2023","5731","266071","2.15"
"Zimbabwe","2024","5740","266386","2.15"
